{"cameraMode":{"drawMode":0,"name":"Shaded","section":"Shading Mode"},"sceneLighting":true,"audioPlay":false,"sceneViewState":{"m_AlwaysRefresh":false,"showFog":true,"showSkybox":true,"showFlares":true,"showImageEffects":true,"showParticleSystems":true,"showVisualEffectGraphs":true,"m_FxEnabled":false},"in2DMode":false,"pivot":{"x":-12.475423812866211,"y":0.8014205694198608,"z":4.944791316986084},"rotation":{"x":-0.12359699606895447,"y":-0.4348525404930115,"z":0.060392968356609347,"w":-0.8899403214454651},"size":2.3641085624694826,"orthographic":false}